1,103_3231_1.csv,2.09072,1.4728,810,0.999473,1.11041,1.43902,1.50997,1.51084,1.74404,1.66213,1.61798,1.98235,2.1159,1.86805,1.48476,1.56972,1.56902,1.56736,1
2,110_3809_1.csv,1.33302,1.24366,372,1.06321,0.647866,1.04588,1.35351,1.37839,1.37787,1.40901,1.84646,1.88617,1.7,1.25007,0.786219,1.42793,0,0.745622,1
3,122_3645_1.csv,1.41031,1.14355,500,1.12974,1.34006,1.38691,1.39156,1.44777,1.83021,1.83161,1.76543,1.66671,1.31762,1.31635,1.12453,1.4499,1.10006,1.58822,1
4,123_3674_1.csv,1.05192,0.973274,611,0.746998,0,0.962305,1.2823,1.35744,1.43134,1.58939,1.61056,1.61152,1.5301,1.07316,1.06765,1.05664,1.05458,0.881921,1
5,124-4168-1.csv,1.66706,1.48423,744,0.791652,0.784691,1.21956,1.43179,1.43048,1.49846,1.98375,1.98306,1.98262,1.75551,1.2862,1.32133,1.3528,1.38938,1.38629,1
6,127-3996-1.csv,2.05265,1.36411,557,1.11355,1.38833,1.38573,1.5232,1.86902,1.8678,1.67113,1.63425,1.79698,1.79667,1.7531,0.872213,0.519676,0.845604,1.25539,1
7,129_3218_1.csv,2.07387,1.35506,513,0.707707,1.06041,1.36135,1.42827,1.41783,1.84484,1.7,1.44123,1.39347,1.74235,1.74295,1.58089,0.727044,0.71397,0.676813,1
8,135_3737_1.csv,2.15393,1.45655,899,0.91558,1.33231,1.55795,1.62996,1.59188,2.06304,2.06333,1.95755,1.89276,1.97503,1.97462,1.66089,1.49722,1.33208,1.2423,1
9,139-4200-1.csv,2.35676,1.32334,573,1.04596,1.30553,1.46554,1.67769,1.6773,1.54439,1.18746,1.49733,1.5651,1.78523,1.59623,1.2901,0,1.13974,1.13789,1
10,143_3755_1.csv,1.48444,1.12042,595,1.05664,1.37736,1.3762,1.37504,1.27795,1.43166,1.50306,1.52598,1.35485,1.08429,1.07702,1.06919,0.72294,0.720261,0.707757,1
11,14_525_1.csv,1.91715,1.38941,750,1.0415,1.03806,1.02843,1.09715,1.43007,1.59798,1.62426,1.57664,1.15239,1.2979,1.24307,0.723833,0.324632,0.298076,0.255081,1
12,164_5672_2.csv,1.67134,1.39317,482,1.10402,1.09675,1.2426,1.39933,1.39933,1.52836,1.83845,1.76992,1.77038,1.44325,1.44184,1.8913,1.89188,1.74222,0.758008,1
13,172_4244_1.csv,1.83629,1.38857,611,0.519376,0.685428,0.868105,1.02391,1.09216,1.08793,1.07852,1.13282,1.36835,1.51904,1.58421,1.17541,1.13588,1.22181,1.1482,1
14,177_4508_1.csv,2.48512,1.34922,785,1.21484,1.23677,1.17688,1.04548,1.32926,1.62528,1.66414,1.66667,1.35707,1.39483,1.34316,1.0481,1.00035,0.715294,0.500666,1
15,179_4980_1.csv,1.20869,1.10168,281,1.55,0.588741,0.579796,1.26221,1.50867,1.55,1.59615,1.55,1.28668,1.28686,1.46153,1.4613,1.09228,1.08705,0.893152,1
16,17_748_1.csv,14.5707,3.6232,4724,1.22127,2.81033,3.22574,2.87005,3.0404,3.14978,4.10702,3.50214,3.69401,3.78546,4.00871,4.18175,2.86665,3.65661,2.65407,1
17,191_5995_1.csv,2.82561,1.46564,339,1.06229,1.23138,0.792898,1.01155,0,0.73408,1.2366,1.23555,1.71231,1.76923,1.77317,1.77433,0.81462,0.430163,0.391587,1
18,194_5454_1.csv,1.47403,1.36125,673,0.748842,1.03956,0.744376,0.734551,1.38266,1.40762,1.43661,1.63656,1.60702,1.55,1.32097,1.32074,1.17924,0.826132,0.817875,1
19,197_6021_1.csv,1.457,1.32958,575,0.932776,1.45253,1.51717,1.65183,1.68543,1.2857,1.216,1.20845,1.23625,1.27224,1.10739,1.04142,0.95147,0.83326,0.36032,1
20,199_5568_1.csv,2.38708,1.50965,1283,1.39727,1.40017,1.81995,1.81914,1.8169,1.74335,1.74379,1.74569,1.3465,1.50997,1.43647,1.39077,1.27451,1.02376,0.576356,1
21,1_34_1.csv,1.63078,1.26535,601,0.881921,0.5649,1.23153,1.34092,1.5265,1.57607,1.55,1.22462,1.31292,1.14392,0.938978,0.761346,0.741696,0.353717,0.319574,1
22,1_90_1.csv,1.72229,1.38631,478,0.97688,1.29627,1.59037,1.59059,1.39402,1.39483,1.47144,1.55,1.55,1.46868,1.55,1.63409,1.29453,1.3352,1.15539,1
23,23_441_1.csv,2.02415,1.43553,581,1.07963,0.95147,0.947235,1.16111,1.47213,1.6289,1.75332,1.75566,1.55,1.17056,1.12103,1.03764,0.701317,0.696285,0.4814,1
24,24_633_1.csv,2.15956,1.12181,525,0.654685,0.88728,0.972006,0.964437,0.933473,0.929345,1.14675,1.25636,1.46806,1.4671,1.20924,1.49045,1.51979,1.12754,1.10763,1
25,2_172_1.csv,1.49182,1.29636,286,0.797603,1.50361,1.50268,1.31072,1.40314,1.55,1.55,1.09965,1.09389,1.24184,1.44656,1.44523,1.44489,0.801753,1.00805,1
26,31_1249_1.csv,2.94845,1.39134,639,1.43367,1.31166,1.91242,1.91669,1.92259,1.92848,1.66668,1.66631,1.41806,1.88719,1.85191,2.08744,1.89819,1.74436,1.02336,1
27,34_1236_1.csv,2.01392,1.20841,612,1.52219,1.51957,1.63866,1.17017,1.33326,1.53024,1.66443,1.55923,1.88397,1.88338,1.84959,1.85145,0.777962,1.42894,1.54054,1
28,4_226_1.csv,2.16358,1.44942,424,1.09037,1.31753,1.31744,1.47268,1.70539,1.78517,1.9471,1.94769,1.31622,1.46985,1.47072,1.47011,1.30977,0.985308,0.898182,1
29,53_1933_1.csv,12.1499,4.11222,6721,3.37456,3.40303,3.6722,3.61397,3.74726,3.76538,4.04878,4.21701,4.23384,3.65815,4.64665,3.8025,3.27516,3.35438,1.78997,1
30,57_2329_1.csv,1.37674,1.22249,613,0.606631,0.88728,1.249,1.34903,1.5278,1.57479,1.57494,1.45716,1.10945,1.1033,0,0,0.763132,0.753307,0.363834,1
31,58_2354_1.csv,2.22215,1.30125,746,0.989028,1.16245,1.16271,1.29279,1.37824,1.46505,1.6361,1.77164,1.77091,1.59744,1.32462,1.29768,1.25516,0.8296,0.474519,1
32,59_1087_1.csv,7.95283,2.6873,4448,1.2005,1.22752,0,2.18218,2.89963,2.97674,2.93729,2.9615,3.03591,3.1175,3.20537,3.28068,2.83095,2.88944,2.92905,1
33,5_167_1.csv,1.57046,1.44722,871,1.30353,1.21864,1.27632,1.44753,1.50421,1.56932,1.56839,1.57373,2.03168,2.03138,1.9356,1.80175,0.622857,1.02351,1.271,1
34,5_65_1.csv,1.74794,1.39243,639,0.897002,1.15229,1.24397,1.45857,1.55865,1.74021,1.7,1.88866,1.96527,1.85226,1.85563,1.34935,1.22252,1.25155,1.16696,1
35,62_1984_1.csv,11.3894,2.92083,5508,3.22574,3.2115,3.03143,3.54279,2.44662,3.27441,3.42055,2.93758,3.04727,3.13745,3.19899,3.23068,3.24835,0.896077,1.52526,1
36,63_2195_1.csv,1.97343,1.17715,567,1.19403,1.18006,1.41566,1.41363,1.41218,1.79032,1.79075,1.44707,1.44405,1.86506,1.8652,1.7,0.883928,0.862597,1.11417,1
37,64_1123_1.csv,1.00136,1.22663,434,0.956868,0.375215,0.36004,0.34613,1.4954,1.27322,1.49436,1.49431,1.52172,1.55,1.55,1.14379,0.620228,0.979739,1.12551,1
38,64_2241_1.csv,4.02987,2.12511,2310,0.967263,1.9854,2.28058,2.11122,2.58676,2.55264,2.56117,2.57133,2.33837,2.34041,2.34534,2.34505,2.63632,2.16672,1.75202,1
39,66_2578_1.csv,1.62883,1.07268,404,0.799702,0,0.763082,1.20452,1.25357,1.31634,1.37355,1.6668,1.7,1.5641,1.12594,1.30262,1.29783,1.101,1.4364,1
40,67_2293_1.csv,2.18408,1.37004,587,1.38285,1.50613,1.3721,1.94556,1.94535,1.34567,1.51851,1.58621,1.89232,1.89745,1.85853,1.7,1.53613,1.53509,1.40476,1
41,68_2992_1.csv,1.3706,1.42357,462,1.04588,0.857781,1.21579,1.31379,1.31571,1.34567,1.30773,1.89012,1.8891,1.85342,1.16908,1.20018,1.06006,0.743558,1.03936,1
42,69_2328_1.csv,5.20849,2.00136,3544,1.65784,1.78823,2.12578,2.17195,2.3341,2.29429,2.41169,2.41372,2.37594,2.39706,2.41859,2.44256,2.4649,2.48968,2.49293,1
43,69_2528_1.csv,1.5886,1.30378,598,1.31843,1.37733,1.92868,1.9295,1.80306,1.94271,1.76883,1.7,1.77211,1.77251,1.89042,1.89144,0,1.06571,1.74313,1
44,76_2098_1.xlsx.csv,1.6263,1.11416,805,1.30262,1.31821,1.48478,1.47967,1.35831,1.58888,1.60951,1.55,1.52987,1.07453,0.870311,0.851554,0.848875,0.986456,0.986456,1
45,7_411_1.csv,1.76741,1.15347,420,1.18392,1.18251,1.38454,1.47696,1.37668,1.13639,1.28135,1.4958,1.49569,1.49367,1.49344,0.638984,1.16004,1.12266,1.14531,1
46,7_683_1.csv,2.07545,1.37528,791,1.16952,1.30923,1.55314,1.7535,1.75539,1.90669,1.80384,2.21058,2.06102,2.21842,2.06305,1.7,1.75853,1.80787,1.81035,1
47,82_2282_1.xlsx.csv,1.55975,1.39464,683,0.311728,0.294823,1.48977,1.48768,1.14472,1.51498,1.53212,1.55,1.47689,1.4748,1.10825,1.09449,0,0.638245,0.591456,1
48,95-3661-1.csv,2.04085,1.20568,488,0.725652,0.714292,1.18739,1.33582,1.4207,1.57856,1.57662,1.40467,1.40007,1.01818,1.34086,1.33857,1.63498,1.59224,1.47326,1
49,9_496_1.csv,1.39024,1.20753,596,1.27102,1.30934,1.30551,1.4363,1.52711,1.52708,1.45646,0.997466,0.987144,0.986456,0.972006,0.960309,0.952052,0.732765,0.721154,1
50,9_615_1.csv,1.58498,1.18424,712,0.725501,0.716649,0.700209,1.16312,1.34408,1.59199,1.59233,1.5734,1.33392,1.30902,1.10274,0,0.489026,0.461206,0.415681,1
51,10_131_2.csv,4.05707,1.27159,1299,1.35034,1.35444,1.48313,1.55,1.75533,1.68339,1.76231,1.7596,1.7624,1.68915,1.63243,1.55,1.47175,1.25685,1.25244,2
52,10_469_4.csv,4.40552,1.59981,1779,2.05392,2.02017,2.02241,2.02485,2.0277,2.03075,2.03481,2.03888,2.04457,2.04599,1.94212,1.78919,1.78884,1.3321,1.25615,2
53,11_150_3.csv,4.29842,1.33176,829,1.64067,1.79529,1.88284,1.8775,1.87669,1.87681,1.8775,1.87913,1.87948,1.7127,1.55,1.46813,1.38637,1.38332,1.29292,2
54,12_152_2.csv,4.40346,1.25864,1565,1.31267,1.36727,1.49079,1.67538,1.6744,1.66968,1.67066,1.67296,1.67337,1.55,1.48132,1.33996,1.23193,1.11046,1.09676,2
55,13_184_2.csv,4.62628,1.31768,1379,1.34964,1.41551,1.55,1.69491,1.76807,1.76929,1.7699,1.69364,1.69433,1.6297,1.47656,1.32381,1.24547,1.24118,1.15777,2
56,15_539_3.csv,4.67655,1.52122,2001,1.74398,1.87586,1.98277,1.99619,1.99192,1.9909,1.99598,2.00168,1.99538,1.87278,1.7644,1.69232,1.42058,1.41517,1.3486,2
57,16_226_3.csv,4.61565,1.41843,1187,1.71823,1.97613,1.97188,1.96763,1.96865,1.9707,1.97232,1.97408,1.97642,1.88865,1.65022,1.55,1.46542,1.46461,1.37681,2
58,16_543_2.csv,4.52526,1.2791,921,1.38372,1.46548,1.55,1.72584,1.81798,1.81248,1.8124,1.81344,1.72376,1.65289,1.55,1.37376,1.36892,1.278,1.09606,2
59,17_549_4.csv,3.77243,1.66206,2964,1.85268,1.96329,1.95893,1.95661,1.95922,1.96329,1.96968,1.97636,1.98129,1.84902,1.85227,1.76915,1.60419,1.65125,1.14492,2
60,19_580_2.csv,4.85109,1.23038,1235,1.32067,1.3995,1.55,1.70833,1.70879,1.70412,1.70412,1.70562,1.70792,1.63536,1.39432,1.31326,1.30558,1.30017,1.1443,2
61,1_72_2.csv,4.14144,1.35562,2871,1.1571,1.17874,1.29819,1.43442,1.55,1.55,1.55,1.55,1.52339,1.46701,1.35109,1.27526,0.947312,0.918799,0.890286,2
62,20_594_2.csv,4.5873,1.42539,1695,1.10941,1.17385,1.31275,1.45526,1.50234,1.55,1.7647,1.81459,1.55,1.44443,1.33193,1.0989,1.08869,1.07802,1.06085,2
63,21_609_2.csv,4.53989,1.2872,1610,1.35951,1.4268,1.55,1.6789,1.67763,1.74695,1.74599,1.74643,1.61908,1.55,1.42294,1.35558,1.28377,1.21469,1.07539,2
64,227_5961_4.csv,4.63359,1.48538,1212,1.71852,1.89155,1.87983,1.9795,1.97261,1.9732,1.97583,1.97715,1.88957,1.80481,1.64993,1.46559,1.38044,1.37819,1.1958,2
65,22_616_4.csv,3.49809,1.57378,3059,1.96125,1.93018,1.92292,1.92669,1.93018,1.93482,1.93918,1.94412,1.94935,1.95545,1.96358,1.83906,1.67505,1.64163,1.25455,2
66,230_5996_3.csv,3.26593,1.45061,698,1.47674,1.78212,1.8623,1.85209,1.95678,1.9603,1.94124,1.94373,1.94798,1.95223,1.95399,1.87182,1.79503,1.64462,1.46761,2
67,235_5996_1.csv,3.43182,1.63047,3532,1.26159,1.38687,1.51135,1.53117,1.61152,1.66273,1.71099,1.78583,1.78467,1.67064,1.57595,1.55,1.55,0.899757,0.256346,2
68,23_622_3.csv,4.03065,1.55978,3136,1.41646,1.69512,1.83346,1.76852,1.696,1.77116,1.77381,1.78234,1.78377,1.6888,1.55,1.40296,1.55,1.15152,1.13294,2
69,24_628_4.csv,4.36325,1.59011,2069,1.73386,1.86018,1.96041,1.96163,2.00473,2.00818,2.01021,2.01021,1.97159,1.85475,1.75393,1.62386,1.55,1.35863,1.11288,2
70,25_981_4.csv,4.45571,1.49386,2673,1.64428,1.79289,1.89841,1.9037,1.86873,1.87361,1.87931,1.88378,1.79509,1.79861,1.69904,1.55,1.61264,1.23206,1.17515,2
71,26_1004_2.csv,4.84416,1.33241,1822,1.35994,1.42749,1.49033,1.6759,1.67492,1.74145,1.73569,1.73936,1.74189,1.61751,1.488,1.36134,1.29538,1.28586,1.21715,2
72,26_638_3.csv,4.41014,1.63324,1201,1.55,1.87147,2.10758,1.96557,1.95091,1.95209,1.95458,1.9559,1.87333,1.79337,1.64547,1.46893,1.38672,1.29903,1.12662,2
73,27_1009_2.csv,4.13726,1.37467,998,1.55,1.79643,1.87936,1.79765,1.79704,1.798,1.79939,1.80009,1.71547,1.64701,1.55,1.38343,1.29668,1.29362,1.03366,2
74,27_651_4.csv,4.54506,1.37971,1500,1.8059,1.86721,1.86032,1.86047,1.86194,1.86399,1.86604,1.86809,1.87146,1.80497,1.69157,1.62791,1.41719,1.34598,1.27785,2
75,28_1017_3.csv,4.37462,1.37037,1773,1.43239,1.73308,1.79162,1.80277,1.79128,1.79081,1.79278,1.79627,1.79661,1.62424,1.62414,1.36247,1.29839,1.29398,1.22381,2
76,28_653_3.csv,4.52901,1.55247,4283,1.88777,1.86802,1.86309,1.86628,1.87064,1.87616,1.89358,1.89939,1.79129,1.79617,1.74305,1.59637,1.55,1.31373,1.27289,2
77,29_1038_4.csv,4.59217,1.4324,2923,1.78908,1.87849,1.88215,1.87931,1.87016,1.87504,1.87687,1.78923,1.79407,1.79715,1.64751,1.55,1.39764,1.29073,1.18241,2
78,29_664_4.csv,4.33528,1.63283,1374,1.95766,1.94329,2.09437,2.09661,2.09864,2.10108,2.10494,2.10514,1.95238,1.95487,1.90037,1.81484,1.46951,1.38793,1.30244,2
79,2_141_3.csv,4.15168,1.42144,4082,1.6226,1.65015,1.72502,1.72665,1.67562,1.73722,1.68735,1.69453,1.69981,1.64049,1.55,1.38865,1.2454,1.19509,1.07548,2
80,30_1050_2.csv,4.07385,1.31224,1391,1.4844,1.68212,1.6816,1.76083,1.76048,1.74739,1.748,1.76117,1.6221,1.55,1.47651,1.28052,1.20947,1.20397,0.982647,2
81,30_692_4.csv,4.23331,1.50738,2173,1.94883,1.95452,1.95045,1.94923,1.95106,1.95574,1.96326,1.96549,1.95553,1.84449,1.73543,1.62106,1.62248,1.30721,1.12557,2
82,31_1072_2.csv,4.60559,1.2459,2303,1.22956,1.29366,1.46246,1.55,1.59986,1.64186,1.64065,1.64267,1.60014,1.55,1.36745,1.24445,1.16434,1.1481,1.0461,2
83,31_732_4.csv,4.34214,1.48384,1066,1.7267,2.00017,1.97965,1.98287,1.98653,1.98917,1.99342,1.99342,2.00193,2.00632,1.92578,1.8439,1.84704,1.45784,1.36397,2
84,32_1085_2.csv,4.19528,1.43998,923,1.47103,1.71443,1.7104,1.79843,1.79451,1.79241,1.79364,1.96909,1.71109,1.64563,1.55,1.3047,1.30244,1.21832,1.21251,2
85,32_741_3.csv,4.58513,1.75349,1999,2.01021,2.20289,1.9846,1.98724,1.99212,1.99639,2.00086,2.00696,2.01428,1.89668,1.89814,1.77051,1.481,1.48005,1.3417,2
86,33_1096_4.csv,3.81277,1.67766,1757,1.99558,2.16543,2.16659,2.1692,2.1724,2.17647,2.17618,1.98196,1.98501,1.98806,1.99111,1.99212,1.90137,1.68995,1.35785,2
87,33_754_3.csv,4.48603,1.45278,1241,1.7153,1.88261,1.97144,1.95912,1.95986,1.96118,1.96293,1.96543,1.96777,1.88041,1.72831,1.46795,1.46697,1.46533,1.37986,2
88,34_1120_4.csv,4.93666,1.45752,1529,1.94725,1.93714,1.93728,1.93626,1.92922,1.93039,1.93171,1.94095,1.943,1.94974,1.80149,1.64299,1.47193,1.39253,1.31151,2
89,34_757_4.csv,4.15786,1.43825,1471,1.85255,1.83672,1.96631,1.96631,1.96509,1.97058,1.97423,1.84479,1.84713,1.84977,1.74966,1.62276,1.36893,1.30095,1.05574,2
90,35_1124_4.csv,4.87369,1.78766,2460,1.9907,2.17501,2.16136,2.15788,2.15962,2.16398,2.1695,2.17821,2.19099,1.99273,1.99517,1.91559,1.91984,1.84153,1.35209,2
91,3_220_2.csv,4.43898,1.292,2000,1.28319,1.3252,1.50242,1.55,1.64947,1.70096,1.7007,1.70184,1.6478,1.60451,1.4992,1.34238,1.182,1.1679,1.10308,2
92,4_23_2.csv,4.72059,1.28551,2181,1.31637,1.36872,1.5013,1.55,1.69782,1.64474,1.70498,1.70419,1.6497,1.60495,1.44788,1.34041,1.22456,1.16608,1.1552,2
93,5_29_2.csv,2.93659,1.26691,982,1.66847,1.66778,1.66813,1.66876,1.66968,1.61437,1.55,1.48921,1.31383,1.30617,1.24945,1.2383,1.17622,1.12537,1.05458,2
94,6_76_4.csv,4.04514,1.56657,3570,1.94528,1.89707,1.9023,1.9081,1.9142,1.92117,1.92931,1.93802,1.94789,1.95951,1.96619,1.78337,1.68857,1.75031,1.15382,2
95,7_438_4.csv,3.77994,1.48931,1747,2.00595,2.01753,1.9905,1.99355,1.997,2.00086,2.00513,2.0096,2.01469,2.01936,2.02058,1.89184,1.6937,1.62819,1.27309,2
96,7_87_4.csv,4.30878,1.61224,1305,1.9666,1.9515,1.95194,1.95238,2.1275,1.95502,1.95619,1.95766,1.95956,1.96074,1.90454,1.72739,1.64707,1.3027,1.2986,2
97,8_118_4.csv,4.28316,1.59991,3877,1.5216,1.77137,1.74758,1.84479,1.8474,1.76811,1.77624,1.78864,1.79149,1.72693,1.65803,1.43926,1.26463,1.1915,1.13758,2
98,8_457_2.csv,4.2371,1.27047,915,1.46571,1.55,1.64484,1.81083,1.81179,1.80768,1.80908,1.81039,1.72215,1.65132,1.55,1.456,1.2862,1.28245,1.19046,2
99,9_128_4.csv,4.65807,1.71226,3432,1.85755,1.82361,1.97607,1.9659,1.97171,1.981,1.99291,2.00133,1.86101,2.03328,1.81195,1.6002,1.6063,1.35178,1.2987,2
100,9_460_4.csv,4.31701,1.54096,3049,1.67522,1.84333,1.83804,1.83215,1.83479,1.83926,1.84536,1.85674,1.8602,1.77135,1.72698,1.65356,1.65402,1.22694,1.16736,2
101,100_2858_8.csv,14.0297,3.7197,6096,2.95268,2.85045,3.10798,3.34868,3.09688,3.99702,4.10443,2.94307,3.03508,1.84186,3.22093,4.16651,2.87071,2.91417,1.80405,3
102,104_2938_8.csv,9.01102,3.11579,5198,3.3022,3.61008,3.8922,3.84302,3.91679,3.26275,3.35241,3.43758,3.51648,3.61063,3.70028,3.78994,3.17035,3.24287,3.27699,3
103,104_3062_8.csv,10.8612,2.89853,5691,3.4522,3.1908,3.34091,3.37197,3.23496,3.31027,3.41786,3.51469,3.52993,3.08139,3.19229,3.18742,3.30807,3.34767,3.41836,3
104,105_3081_8.csv,8.93756,3.17284,5142,3.29592,3.79385,3.65926,3.77314,3.88184,3.98278,3.32282,3.40889,3.49228,3.57566,3.83746,3.74691,3.80339,3.24591,3.2453,3
105,107-3532-8.csv,7.50018,3.0787,843,2.69507,3.38151,3.40601,2.38789,3.46793,3.51596,2.44388,2.4591,2.47301,2.49513,1.93422,1.81662,3.05758,1.07367,3.13064,3
106,111_3531_8.csv,12.3685,3.2192,7031,3.46515,3.29691,3.38362,3.56609,3.73561,3.87796,3.92973,3.60076,3.50035,3.62766,3.64201,3.28613,3.26602,3.46589,3.5512,3
107,113_3874_8.csv,10.1,2.95769,1944,3.05018,2.92669,2.93685,2.973,3.01403,3.04937,3.08065,3.11315,3.1497,3.18789,3.22404,3.26263,3.27726,3.34672,2.86223,3
108,120-3959-8.csv,8.58643,3.12615,5269,3.15706,3.15002,3.16155,3.20921,3.22894,3.23141,3.491,3.56533,3.35826,3.40699,3.45717,2.85127,2.89183,2.92264,2.95827,3
109,121_3490_8.csv,7.62976,2.77511,4287,2.46389,3.22833,3.0588,2.71673,3.33703,2.95522,3.05385,3.06729,3.0915,3.27889,3.3551,2.84131,2.98328,3.03752,3.0887,3
110,123_3528_8.csv,11.8152,2.93471,5520,3.46903,3.27233,3.48973,3.5402,3.34613,3.34344,3.538,3.02167,3.04605,3.10881,3.25383,3.31964,3.4537,3.57009,3.59019,3
111,124-4122-8.csv,14.634,3.4683,4275,1.16123,2.28534,2.5115,3.25941,2.943,2.97267,3.1,3.31582,3.34862,3.64496,3.02596,3.91494,2.62007,2.71052,2.72677,3
112,131-4393-8.csv,14.0798,2.87389,5330,1.17714,2.38124,3.26272,3.1588,2.97851,3.05654,3.13857,3.14113,2.85722,2.8839,2.96778,3.07416,3.13048,2.62758,1.61571,3
113,139-4517-8.csv,10.7455,3.08073,5564,3.62824,3.42911,3.53846,3.59792,3.27337,3.37594,3.45456,3.46247,3.42369,3.5309,3.57969,3.70655,3.07425,3.21692,3.30623,3
114,14-976-8.csv,11.676,3.5669,3540,2.79384,3.04578,3.13006,3.16951,3.20627,2.92052,2.99425,3.08565,3.1539,3.99168,4.17279,3.37936,2.90889,1.87353,1.80477,3
115,141_4964_8.csv,11.4765,2.92791,5020,2.93327,3.36162,3.24644,3.06281,3.17399,3.25737,3.3551,3.39096,2.97902,3.09906,3.15085,3.24287,3.2843,3.40983,3.45431,3
116,15_501_8.csv,9.7887,2.89021,1464,2.56511,2.49018,3.01159,3.00225,3.04287,3.08715,3.12168,2.39298,2.20877,2.77713,2.82766,2.85816,2.89388,2.93193,2.97056,3
117,160_5343_8.csv,10.0998,3.08731,3837,3.00393,2.8449,2.90096,2.95823,3.0149,3.07218,3.14774,3.21416,3.29703,3.35431,3.43596,3.4579,2.29378,2.59793,2.98316,3
118,161_5358_8.csv,13.2412,3.00837,2040,3.02825,2.87632,2.55756,2.97097,3.01444,3.07496,3.11761,3.16839,3.21429,3.25898,3.31788,2.85264,0,0,0.432112,3
119,16_832_8.csv,12.5761,2.71053,3222,3.04351,2.932,3.00634,3.07032,3.17757,3.1861,2.84826,2.85029,2.85841,2.92056,3.04121,3.06274,3.09564,3.1318,2.38668,3
120,170_5806_8.csv,7.6036,2.67119,569,3.18309,3.24524,3.30779,3.31064,3.39025,2.93492,2.97065,2.97152,3.50481,3.04645,2.10385,3.61489,3.64333,3.1635,3.74894,3
121,172_5508_8.csv,13.425,3.76449,3173,3.12609,2.99151,2.94536,3.0664,3.2242,4.07725,3.51021,3.71911,2.61764,3.91816,2.81668,2.86136,3.49331,3.61091,1.6062,3
122,188_5397_8.csv,13.8215,3.17291,6142,3.09572,2.87426,3.01592,3.13786,3.2831,3.41849,3.51532,3.09287,3.08373,3.18061,3.24033,2.80033,2.90878,2.92869,2.99775,3
123,189_4907_8.csv,10.2098,5.03293,5278,3.03174,3.0395,2.66266,2.77832,2.89398,3.00068,2.61697,2.77844,2.78636,2.86131,2.94784,3.08312,2.5696,4.01472,5.26017,3
124,190_5188_8.csv,9.42757,3.23599,2959,3.22022,3.05996,3.11785,3.16538,3.21961,3.27445,3.32381,3.38291,3.44446,3.51636,3.57912,3.64554,3.70831,3.09889,3.03146,3
125,193_4991_8.csv,9.42042,3.82947,7551,3.22197,3.05374,3.13268,3.23362,3.26209,3.52479,2.91012,3.24007,3.27862,3.17461,3.26876,3.39249,3.4669,4.16925,2.49445,3
126,19_3632_8.csv,11.568,2.66576,3450,2.88163,2.84347,2.83557,2.83595,2.82806,2.83545,2.84104,2.84883,2.86199,2.87579,2.89244,2.91313,2.9309,2.96006,2.99142,3
127,1_1_8.csv,13.2638,3.40665,6625,3.00057,2.82975,3.20762,3.35644,3.03502,3.06819,3.23316,2.83643,2.94855,3.06067,3.16609,4.04188,3.34036,2.89549,3.57252,3
128,206_5677_8.csv,10.5444,3.29449,5045,2.9308,2.5581,2.70822,2.85833,2.96833,3.21162,2.90026,3.02488,3.04371,3.12799,3.33152,3.284,2.84974,2.45342,2.51435,3
129,216_5898_8.csv,12.3086,3.57464,6643,3.70337,3.50797,3.62055,3.80561,3.93631,3.47766,3.5189,3.51083,3.76905,3.76009,3.77443,3.20377,3.25495,3.50661,2.19032,3
130,21_812_8.csv,9.08837,3.32474,3658,3.55297,3.50904,3.74126,3.77085,3.22327,2.54929,3.28115,3.29517,3.31345,3.25556,3.45543,3.47066,3.43227,3.49138,3.49869,3
131,27_995_8.csv,9.46527,3.14304,4248,3.40683,3.42387,2.79063,3.63187,3.13065,2.9515,2.98928,3.04777,3.23119,3.27689,3.21352,3.25617,3.31467,3.32868,2.79058,3
132,2_28_8.csv,13.326,3.83231,4343,2.41189,3.25033,3.20503,3.04398,3.15606,3.27082,4.09537,4.33995,3.71015,3.87602,4.0365,4.21493,4.21762,2.98079,2.99298,3
133,36_1545_8.csv,12.1761,4.01159,3538,2.70507,2.76335,2.97405,3.02874,2.76575,2.87055,2.97232,3.04056,3.09419,2.694,4.06251,3.42323,4.26693,2.97185,2.64362,3
134,36_999_8.csv,9.21798,3.87895,5079,3.02009,2.96445,2.69046,2.72991,2.90026,2.99171,3.12441,3.24455,2.33724,2.14248,2.96186,2.94967,3.03315,4.01023,4.11065,3
135,39_1150_2.csv,4.16211,1.38278,1808,1.7,1.76802,1.82538,1.94731,2.01501,2.13907,2.32588,2.29829,2.30178,2.30497,2.31746,2.1718,2.17119,2.01663,2.0244,3
136,3_33_8.csv,9.23503,3.20559,5191,3.25647,3.82361,3.62173,3.75891,3.87279,3.98925,3.31296,3.40172,3.6438,3.6698,3.67518,3.76663,3.1411,2.42289,3.28552,3
137,44_1664_8.csv,9.24989,3.28775,5514,3.16413,3.69549,3.47809,3.59456,3.7382,3.86243,3.98796,3.30489,3.54338,3.59718,3.59269,3.70208,3.76125,3.15085,3.24713,3
138,45_1411_8.csv,12.0596,2.92083,5508,3.34868,3.2115,3.37068,3.54279,3.15606,3.34075,3.42055,2.94429,3.0497,3.13745,3.19899,3.24835,0.905952,1.52716,1.88522,3
139,53_1863_8.csv,12.7379,3.96662,5117,3.26327,3.09633,2.95791,3.09688,3.12468,3.36675,3.4349,3.49945,3.07103,3.97464,4.11989,3.41165,4.26155,3.5384,2.18051,3
140,59_2159_8.csv,23.5061,3.93268,6721,3.37974,3.6722,3.6942,4.11219,3.62497,4.64665,3.22337,1.78966,0,0,3.30901,3.39635,3.51537,3.64089,3.65023,3
141,64_2720_8.csv,12.9474,2.76875,4725,2.40561,3.22186,3.25291,2.99377,3.11661,3.15068,3.32551,2.90041,3.05823,3.10881,3.20021,3.25749,2.785,1.86939,1.88522,3
142,66_2252_8.csv,7.0825,2.68602,3735,3.24903,2.91129,2.89067,3.03591,2.99736,3.15875,3.10943,2.74198,2.83826,2.84253,2.90102,2.9449,3.07712,3.10393,3.13928,3
143,67_1839_8.csv,8.73853,3.13364,2087,2.80718,3.58911,3.04909,3.7218,3.75139,3.17523,3.2648,3.33731,3.42872,3.52012,3.53901,3.61457,3.65052,3.05716,3.10144,3
144,80_2243_8.csv,9.24705,3.25396,5044,3.16323,3.75114,3.56091,3.71232,3.84561,3.9349,3.47972,3.48869,3.65546,3.6707,3.69849,3.76932,3.13257,3.21057,3.33731,3
145,80_2802_8.csv,10.4609,3.12618,1804,3.13183,3.19764,3.10624,3.11964,3.13671,3.15661,3.17083,3.33453,3.26751,3.25166,3.27766,3.2931,2.46128,2.84248,2.87268,3
146,86_2747_8.csv,12.256,3.13883,6126,3.64503,3.45609,3.56091,3.86243,3.92326,3.92973,3.41069,3.54338,3.65635,3.82132,3.20448,3.28735,3.38606,3.4665,3.55607,3
147,8_296_8.csv,12.6582,3.0858,5639,3.15737,3.28738,3.29276,3.41559,3.39497,2.80224,2.83636,2.91436,2.67362,3.10935,3.191,3.24463,2.86048,2.87714,2.25353,3
148,94_2308_8.csv,11.7354,2.74569,2907,3.18206,3.19282,3.28785,2.85045,3.00156,3.0759,3.20143,3.28796,3.29771,3.36778,2.89589,2.97104,3.03685,3.07219,3.1185,3
149,94_3416_8.csv,7.9135,3.11705,5924,3.12998,3.20374,3.09374,3.32021,3.40174,3.5182,3.43668,3.02067,3.14171,3.28068,3.33448,3.39007,3.44386,3.64111,3.02899,3
150,9_139_8.csv,10.7007,3.00487,2755,3.03233,3.07895,3.12288,3.23227,2.87421,2.95952,3.04727,3.15634,3.19595,3.3166,3.34889,3.49087,3.53718,3.01654,2.65059,3
151,10_615_5.csv,4.60304,1.63368,1214,1.4717,1.46553,1.46502,1.46479,1.46444,1.55,1.8103,2.15129,2.12181,2.12852,2.13767,1.96733,1.96894,1.64013,1.29877,4
152,11-595-6.csv,11.3056,4.03543,3674,3.79255,3.54279,3.70067,3.70455,3.28427,4.30631,4.4396,4.6156,4.71912,3.86346,3.97016,4.11361,4.27141,4.33776,3.62493,4
153,114_2839_6.csv,7.62853,2.96984,4193,3.33067,3.18315,2.81598,2.89757,2.97826,3.06344,3.13786,3.23827,2.3344,2.35633,2.40833,1.99944,0,0.996266,1.55,4
154,117_2857_5.csv,6.29128,2.06062,3160,1.90248,1.86873,1.786,1.69276,1.456,1.55,1.55,1.55,1.55,2.44326,2.39289,2.40508,2.23891,1.35759,2.26679,4
155,11_609_6.csv,9.15104,3.60119,2888,3.60856,3.4678,3.54849,3.64353,3.75112,3.84347,3.94478,4.02189,3.24764,3.38413,3.42069,2.82632,2.87913,2.93681,2.97703,4
156,126_2973_6.csv,6.25088,2.64941,4992,2.91268,2.37563,2.44293,2.51539,2.59433,2.68492,2.72245,2.4439,2.49859,2.5479,2.66087,2.66804,1.35084,2.12357,2.18044,4
157,129_3001_6.csv,6.1597,2.63602,5487,3.07315,2.89715,2.97868,3.03433,2.63666,2.69673,2.76308,2.82405,2.8895,2.95495,2.99709,2.21416,2.28159,2.29378,2.34293,4
158,12_191_5.csv,5.30146,2.07964,2864,2.11735,2.30526,2.68836,2.35197,2.39259,2.75783,1.7,1.75287,1.75447,1.75601,1.80695,1.80937,1.88997,1.9588,1.96402,4
159,131_3026_5.csv,7.52173,2.36193,5996,1.90317,1.90665,1.91246,1.9203,1.93047,1.94296,1.9569,1.96213,1.85694,1.87036,2.76869,2.73944,2.66937,2.72238,2.75102,4
160,134_3068_6.csv,6.38149,2.73581,5757,3.03692,3.0615,3.06927,2.6537,2.69494,2.74425,2.79357,2.85095,2.90385,2.96392,2.98992,2.2495,2.66754,2.28484,2.09514,4
161,15-650-6.csv,4.8566,2.19899,3285,1.92017,2.32191,2.65972,2.59026,2.63839,2.63535,2.66277,2.69445,2.72614,2.75783,2.79439,2.82364,2.85593,2.89066,2.89919,4
162,154_4578_5.csv,7.66894,3.4197,5550,2.04152,3.2815,2.56494,3.48855,3.51055,3.53255,3.59467,3.61408,3.19613,3.22482,3.31897,3.41042,3.4947,3.52966,2.91981,4
163,156_4588_6.csv,9.21415,3.42973,6101,3.84572,3.40573,3.48079,3.5662,3.66843,3.78102,3.81208,3.21765,3.30193,3.39069,3.47766,3.53594,2.99354,3.0557,3.08068,4
164,157_5026_5.csv,4.41174,1.54158,2086,1.50027,1.65165,1.65125,1.75971,1.7654,1.82661,1.96712,1.97505,1.98501,1.99131,1.97667,1.98135,1.86223,1.61999,1.35663,4
165,158_4609_6.csv,5.85592,2.59122,5222,3.02656,2.77939,2.87645,2.51293,2.57838,2.64025,2.7057,2.77922,2.84108,2.8644,2.49692,2.20197,1.45019,2.28322,2.29743,4
166,160_4902_6.csv,6.32936,2.65498,5221,3.03385,2.74874,2.77294,2.80253,2.83571,2.87336,2.9164,2.95854,3.00606,3.02668,2.59381,2.65535,2.7041,2.31734,1.94639,4
167,168_4723_5.csv,6.07827,2.34847,3392,1.55,1.55,1.55,1.55,1.70053,1.90167,1.90593,2.37421,2.73335,2.72238,2.35715,2.38071,2.40427,2.41645,2.18489,4
168,16_287_5.csv,9.68911,3.03548,1851,2.97049,3.15878,3.84912,3.25079,3.2057,2.45426,2.48911,2.52803,2.56288,2.60005,2.63374,2.66889,2.70722,2.72988,1.3739,4
169,175_5057_5.csv,5.91931,2.09306,3231,1.55,1.44136,1.73822,1.7476,1.75947,1.76988,1.87544,2.06116,2.0722,2.31084,2.37258,2.38193,1.94517,1.96631,1.98846,4
170,177_4815_7.csv,4.57264,1.6658,2984,1.2811,1.28023,1.279,1.27726,1.27517,1.2729,2.00743,2.01005,1.96213,1.97171,1.98391,1.98536,1.79084,1.81195,1.13995,4
171,179_4717_5.csv,4.96861,1.84531,3032,1.26305,1.25957,1.24766,1.23604,1.22297,1.23939,1.8718,1.88719,2.07523,1.9174,1.82117,1.83519,1.84739,1.85268,1.50602,4
172,179_5090_5.csv,6.48485,2.92437,5315,3.06971,2.69853,2.72632,2.76129,2.79715,2.83033,2.87874,2.92985,2.96123,2.54324,3.2311,3.22662,2.69557,2.72909,2.37096,4
173,185_5156_6.csv,9.73761,3.24675,5291,2.85445,2.94762,2.9735,3.11456,3.23232,3.39538,3.50797,3.01861,3.13068,3.23827,3.32345,2.8473,2.9125,2.96064,2.56025,4
174,185_5274_7.csv,5.25071,1.60647,1674,1.83259,1.75629,1.76144,1.82621,1.90987,2.09417,2.0714,2.08055,2.08929,2.09051,1.86485,1.70729,1.63752,1.63869,1.55,4
175,188_5302_5.csv,6.27608,2.37845,4698,1.85634,2.14632,1.98594,1.88906,1.9932,1.90614,1.97752,2.06378,1.87483,2.69679,2.65048,2.35836,2.35877,2.3474,2.39858,4
176,191_5229_5.csv,5.8586,1.99183,3160,1.60334,1.64705,1.55,1.55,1.91732,1.9289,1.93622,1.92829,2.36161,2.10444,2.13203,2.15149,2.2087,2.20928,1.87176,4
177,202_5312_6.csv,6.79463,2.17973,3431,1.30803,2.18866,2.38517,2.39249,2.38761,2.39492,2.40833,2.4193,2.4327,2.44773,2.45139,2.58138,2.50135,2.51719,2.54929,4
178,205_5541_6.csv,9.23225,3.41467,6100,3.77843,3.29185,3.37467,3.46655,3.56879,3.67879,3.79267,3.84572,3.24455,3.33331,3.42387,3.47228,3.61484,2.98867,2.57163,4
179,208_5215_6.csv,6.11945,2.78506,4578,3.18448,2.91281,2.9424,2.97378,3.00875,3.04999,3.08765,3.09572,2.64804,2.68034,2.71263,2.76747,2.81622,2.83146,2.42905,4
180,20_929_6.csv,6.52931,2.66184,4880,2.94892,2.93339,2.89198,2.5757,2.64204,2.70929,2.77832,2.83302,2.85722,2.19913,2.22513,1.60287,2.30637,1.93317,1.66496,4
181,219_5880_5.csv,6.157,2.03952,3750,1.55,1.46998,1.55,1.55,1.55,1.50841,2.39882,2.4043,1.76856,1.78131,2.2889,2.29296,2.27997,2.31449,2.34983,4
182,221_5888_5.csv,5.57701,2.01564,4212,2.2235,2.0793,1.82279,1.8291,1.8356,1.83662,1.76666,1.77296,2.31531,2.32506,2.24097,2.26169,2.30596,2.29621,2.30515,4
183,225_5942_5.csv,6.25514,2.28076,5231,1.786,1.72136,1.72473,1.72766,1.73177,1.73573,1.70226,1.70644,1.81474,1.81957,2.68217,2.52069,2.55664,2.58833,2.24584,4
184,229_5977_6.csv,6.18799,3.01709,4730,3.41091,3.35785,3.39667,2.87516,2.92626,2.97557,3.03385,3.08675,3.14234,3.20779,3.25262,2.35755,2.79733,2.40955,2.17182,4
185,23_952_6.csv,6.19645,2.72427,3997,2.8115,2.67701,2.73887,2.80343,2.87426,2.93702,2.98902,2.54811,2.2625,2.29337,2.31734,1.61161,1.49246,1.98196,1.67861,4
186,25_969_6.csv,6.4093,2.85527,4258,3.04282,2.91281,2.95943,3.1253,3.23827,3.13517,2.63403,2.67607,2.70532,2.74554,2.77113,2.84852,2.88934,2.4652,2.49567,4
187,27_496_6.csv,6.02517,2.74985,4040,2.60305,2.69141,3.17309,3.03681,3.1175,3.13633,3.19102,3.24213,3.29951,3.36138,3.42414,3.44386,2.94611,2.9845,3.01924,4
188,29_558_6.csv,6.27964,2.7596,4335,2.31582,2.67983,3.15247,2.98391,3.08881,3.07447,3.12557,3.18116,3.23496,3.28785,3.356,3.41607,3.46807,2.94063,2.96927,4
189,3-276-5.csv,5.50384,2.41198,3226,2.34425,2.66581,2.57258,2.72248,3.07985,2.66155,2.17283,2.1917,2.20971,2.22539,2.24602,2.48562,2.5108,2.30352,2.63673,4
190,30-850-5.csv,4.87016,3.00572,5300,2.64859,2.63873,2.65935,2.53114,2.73018,3.28915,3.12868,2.75887,3.33056,3.43668,3.46644,2.26707,2.29713,2.31013,1.93073,4
191,31_625_6.csv,5.67885,2.76617,3672,2.38975,2.65606,2.72066,3.21344,3.1713,3.14888,3.1973,3.24841,3.30041,3.34613,3.408,3.46717,3.51648,3.56131,2.98755,4
192,39_1044_5.csv,9.37563,3.58573,6138,3.72926,3.2815,3.86384,3.51961,3.59338,3.64902,3.75902,3.79914,4.03984,3.61843,3.43463,3.44359,2.96064,2.97953,2.57772,4
193,3_57_6.csv,5.25366,2.51614,3135,1.93571,2.1949,2.39909,2.70238,2.35807,3.28248,3.22061,2.7694,2.80596,2.8407,2.86873,2.90955,2.94794,2.98024,3.00035,4
194,49-1647-6.csv,6.45864,2.68997,5621,2.28375,2.92205,2.98122,3.26586,3.3228,3.31762,3.33962,2.90501,2.9606,3.02067,3.07985,3.13544,3.20627,3.26903,3.31206,4
195,58_1362_5.xlsx.csv,5.26266,1.87889,3931,1.4336,1.42919,1.42524,1.42072,1.41572,1.41039,1.43961,1.88371,1.9023,2.13089,2.14185,2.11789,2.01005,1.85207,1.68691,4
196,62-1875-5.csv,9.25702,2.67579,6849,3.17268,2.58233,3.07267,3.31115,2.94536,3.00005,3.05116,3.12468,2.72858,2.79317,2.84496,2.9059,2.96135,3.00035,2.34534,4
197,63_1429_5.xlsx.csv,9.07615,3.14947,5838,2.68867,3.22715,3.33456,3.31385,3.42256,2.95047,3.02488,3.14503,3.22213,3.35214,3.44897,3.47049,2.44976,2.48917,2.57772,4
198,66_1464_6.xlsx.csv,7.7046,4.35442,3873,3.12172,2.9935,3.04461,3.07778,2.65048,2.69618,2.74737,2.79733,2.84608,2.89666,2.93992,2.22323,2.24878,0,4.70371,4
199,67_1491_6.xlsx.csv,6.81985,2.75402,5083,1.86426,3.00875,2.7317,2.76846,2.8106,2.85184,2.90295,2.95316,3.00785,3.06165,2.61514,2.29662,2.7303,2.33277,1.95777,4
200,97_2619_5.xlsx.csv,4.79882,1.73744,1806,2.20638,1.88436,2.22003,2.02241,2.23136,2.03217,2.24472,2.02221,2.02871,2.03583,2.04294,1.92365,1.83514,1.95194,0.965476,4
201,104-2504-9.csv,16.3863,3.12031,7158,3.41686,3.65291,3.67126,2.44832,3.22705,2.67884,2.77968,2.88937,2.99386,3.09535,3.1699,2.68209,2.72516,2.82237,2.83712,5
202,104_3346_9.csv,10.652,3.56617,6022,2.34016,3.00833,3.18821,3.2555,3.28656,3.4755,3.61655,3.84302,3.96467,3.43041,3.52097,3.68863,3.77829,3.84912,4.01678,5
203,105_3347_9.csv,11.8579,3.40781,2058,4.1154,3.99706,4.12258,4.14051,4.37273,3.56277,3.59811,3.72973,3.75715,3.89913,3.93874,4.22148,4.25012,3.48206,3.49181,5
204,125-3782-9.csv,15.6704,3.79373,5228,2.35927,3.20346,3.22953,3.17229,1.48424,3.92764,4.14936,4.18186,3.62472,3.05714,3.99019,4.13105,3.38451,3.42575,2.1146,5
205,128_5429_9.csv,15.6067,3.97006,6805,3.17009,3.34609,3.15327,2.58477,2.33369,2.22975,2.29219,2.30555,2.19701,2.71107,4.25796,2.1446,2.17216,2.18681,2.1113,5
206,129_3859_9.csv,12.8514,3.95561,5169,2.00953,2.90351,3.38232,3.55444,3.57385,3.76149,3.98408,4.20666,4.25843,3.70925,3.84015,3.99168,4.16741,4.30638,4.45611,5
207,133_3929_9.csv,16.7,3.03996,5516,3.31115,3.48844,3.62044,2.12026,1.95902,1.98922,2.13745,1.77178,1.54864,1.54513,1.6113,1.61047,1.60427,1.598,1.7,5
208,139-4450-9.csv,4.25173,2.53698,6159,2.22375,2.94881,3.31192,2.86869,2.87665,2.88992,2.90946,2.93184,2.95679,2.98543,3.01924,3.04902,2.293,2.30903,2.31519,5
209,143-4594-9.csv,18.0862,3.8331,8080,3.69419,3.75313,3.2996,4.06487,3.86437,4.09513,4.3607,4.44036,3.80551,3.98387,4.0904,4.35514,3.52052,3.64002,3.75345,5
210,144-4650-9.csv,21.3716,3.49618,8665,3.6106,3.61145,2.09834,4.05713,4.05825,3.55997,3.68965,3.66754,4.0352,3.35807,3.51946,3.62213,3.7232,3.95944,3.16116,5
211,147-4432-9.csv,17.038,3.27385,7802,3.36346,3.63378,3.23144,3.84533,3.57794,3.24179,3.39747,3.53812,3.00549,3.10362,3.22244,3.31891,3.42749,3.54074,3.68655,5
212,148-4722-9.csv,15.6501,3.00673,6655,3.39626,3.48913,3.2835,2.56051,2.61846,2.62531,2.38252,2.44366,2.48302,2.25659,2.29281,2.33887,2.37899,2.42126,2.44878,5
213,151_4283_9.csv,16.5785,3.75986,5315,1.21948,2.44596,3.31632,3.49103,1.61401,3.97502,4.24549,4.35419,3.7756,3.9074,4.23017,4.38438,3.64077,1.99303,2.41817,5
214,158_4874_9.csv,6.63819,3.67242,3627,1.67882,1.68718,1.68973,1.69808,1.70505,1.71317,1.7206,1.72396,1.7863,3.46397,3.69043,2.63098,2.6322,3.32614,3.35214,5
215,170_4200_9.csv,12.3871,3.57704,8105,2.25562,2.86798,2.30803,2.34703,2.40309,2.42137,2.20197,2.25153,2.30434,2.35715,2.98989,3.80761,3.90982,3.89368,2.63946,5
216,170_5007_9.csv,17.8392,6.49804,1996,1.12614,1.13404,1.1381,1.14432,1.16873,1.16132,1.18281,4.16666,1.27634,5.08417,5.32099,5.8024,6.0651,6.27862,6.5245,5
217,171_4235_9.csv,16.5857,3.19863,6431,2.32448,2.12479,2.17435,2.23284,2.295,2.36324,2.43555,2.45382,2.29206,2.34956,2.39458,2.92341,3.60228,3.00465,3.0668,5
218,176_5584_9.csv,6.17646,2.56254,6618,2.44584,2.84584,3.08339,3.08727,3.20633,3.19339,3.24256,2.80011,2.84942,2.89963,2.95164,3.00722,3.06998,3.12557,3.16682,5
219,180_5000_9.csv,10.0204,3.16338,7509,2.24587,2.25806,2.27451,2.30437,2.32143,2.10732,2.14023,2.1776,2.21578,2.25641,3.46152,3.50097,2.81561,2.85583,2.90702,5
220,180_5374_9.csv,15.829,6.01125,6882,2.95151,2.6241,2.83762,3.07962,3.33973,3.59726,3.85349,4.1369,3.46242,3.68208,3.86588,4.00844,3.36585,5.81016,6.04827,5
221,183_4501_9.csv,16.6722,4.08527,8408,3.48467,3.31126,3.48079,3.88455,3.82373,3.91819,4.41254,4.41124,3.03315,3.92595,4.01651,2.7922,3.52916,3.57059,3.02334,5
222,183_5681_9.csv,6.63228,2.85879,4869,2.34375,2.61362,3.17915,3.1908,3.30338,3.20115,3.47162,1.44002,1.38094,1.49172,1.51965,1.7,1.55445,1.49365,1.4846,5
223,192_5237_9.csv,16.605,6.24345,4879,2.47528,2.4934,2.77551,2.7781,3.3475,3.37856,3.13606,3.32166,3.38083,3.01243,3.08068,1.31378,5.6924,5.86969,6.26568,5
224,197_5538_9.csv,11.6436,3.32246,7833,3.28021,3.12621,3.19997,3.29703,3.4135,3.46138,2.99888,3.10468,3.20779,3.32793,3.43821,3.48663,3.63008,3.04656,2.61225,5
225,1_4_9.csv,17.3753,3.28694,6426,3.23406,3.26006,3.35151,3.434,3.53711,3.66173,3.80608,3.95312,3.32452,3.43481,3.54754,3.67002,3.78945,3.8187,2.23695,5
226,210_5667_9.csv,12.0292,3.67503,5039,3.92843,3.71491,3.84302,3.98537,4.16008,4.3309,4.49783,3.73794,3.86436,4.00692,4.13065,4.25886,4.32521,3.61152,3.70292,5
227,212_5839_9.csv,16.936,3.25899,7931,2.22269,2.06386,2.10448,3.1782,3.10378,3.14592,2.12709,2.17821,2.23339,2.2938,2.33156,2.83323,3.5322,3.56572,2.99125,5
228,215_5747_9.csv,15.6297,5.85604,6053,2.01981,2.65257,2.62928,2.49769,2.66894,2.36226,1.99669,2.05797,2.11664,4.16537,2.53263,3.14893,5.21747,3.33782,5.87616,5
229,219_5552_9.csv,16.8261,3.3151,6712,2.95854,2.90205,3.01054,2.6127,2.71812,2.81622,2.95028,3.08068,3.08494,3.36585,3.42313,2.86938,3.69673,3.04162,3.11758,5
230,21_596_9.csv,16.4272,3.75842,8012,3.55185,3.73561,3.59202,3.36352,3.63285,3.48843,2.96332,3.1929,3.29527,3.41836,3.36108,4.26334,3.07016,3.10184,3.14734,5
231,27_1038_6.csv,12.1996,3.87724,6413,3.41079,3.25033,3.60491,2.99826,3.13275,4.19243,4.14455,4.39172,4.45901,3.79353,3.95581,4.0643,4.23106,4.40948,4.42024,5
232,33_1142_9.csv,10.2637,3.24302,4405,3.22599,3.57297,3.59359,3.42593,3.36675,3.41696,3.6689,3.86615,3.67787,3.74511,3.91009,3.96478,4.12616,4.10375,3.41653,5
233,37_954_9.csv,12.1578,3.88383,6721,3.46256,3.45479,3.68644,3.61397,3.74726,3.8922,4.04878,4.21701,4.38007,4.56642,4.64665,3.9074,4.02306,3.36717,3.43054,5
234,37_964_3.csv,4.39483,1.47618,1729,1.76855,1.89512,1.89154,1.96507,2.14822,2.35464,2.38426,2.33721,2.34447,2.35667,2.36509,2.38107,2.39443,2.40343,2.05606,5
235,50_1767_9.csv,15.6731,3.78889,7202,3.5842,3.78738,3.42632,3.24751,4.31537,4.23643,4.31407,3.70566,3.89395,4.06699,4.23555,4.38976,4.52783,3.76203,3.11931,5
236,56_1572_9.csv,14.9201,2.92083,5508,3.22574,2.69969,3.52726,3.54279,3.36227,3.42055,3.04727,3.13745,3.23068,3.24835,2.82156,2.85649,2.05652,1.7,1.81401,5
237,58_1876_9.csv,24.4453,3.17208,5890,2.85122,3.32797,2.96508,3.23316,2.16121,2.13013,0,0,3.60847,3.80834,3.14165,3.25945,2.92215,2.63486,2.71312,5
238,64-1929-9.csv,12.1243,3.1394,6540,3.59844,3.31891,3.50785,3.54926,2.62682,2.70359,2.72187,3.66352,3.74332,3.81415,3.13562,2.70782,3.29649,3.4275,2.54545,5
239,69_2011_9.csv,16.236,3.90409,4853,2.78186,3.3008,3.52597,3.79514,3.9129,4.36325,4.38007,3.77022,3.26724,3.42019,4.44535,3.66514,3.07178,3.14287,3.30089,5
240,69_2711_9.csv,15.4712,3.22194,6624,3.60361,3.49103,3.50785,3.81843,3.32641,3.4851,3.64739,3.68773,3.23494,3.35742,3.47198,3.59629,3.71389,3.81992,3.96311,5
241,72_2544_9.csv,16.0498,3.09375,7018,3.20891,3.32927,3.28656,2.99019,3.17578,3.26813,2.97049,3.08931,3.22215,3.32574,3.53291,3.54815,3.0531,3.12987,3.2627,5
242,79_2009_9.csv,14.8424,3.81619,7373,2.56575,2.67575,2.68481,2.89057,3.07433,3.2348,3.59973,3.81455,4.00867,2.88396,3.55862,3.85808,4.05175,4.10465,3.44822,5
243,85_2538_9.csv,15.5089,3.05073,8281,3.31374,3.67091,3.26068,3.59585,3.0655,3.20806,3.37034,3.43848,3.04605,3.16731,3.27029,3.38789,3.51037,3.6231,3.64808,5
244,86_2163_9.csv,10.2246,3.14214,4787,3.88443,3.63597,3.70197,3.87926,2.69689,2.44865,2.49415,2.54086,2.59001,2.63632,2.68629,2.73219,2.78825,2.80084,2.53732,5
245,89_2208_9.csv,13.9678,3.15303,4184,1.21441,1.22931,3.86632,3.61914,3.72396,1.75755,1.81242,1.8863,1.90288,1.8384,1.84865,1.85746,1.86461,1.8729,1.87371,5
246,9-558-9.csv,16.3678,2.94834,7316,3.04327,3.48456,3.09115,2.48484,1.92574,1.95682,1.96371,1.57853,1.5711,1.62864,1.62288,1.61594,1.7,1.7,1.7,5
247,90_2705_9.csv,16.0393,3.7566,6940,3.61526,3.57256,3.48715,3.26903,2.78098,4.48101,3.5918,3.72808,3.90919,4.07416,3.53718,3.56277,3.70902,3.84246,3.94544,5
248,91_2266_9.csv,13.7445,3.81788,6119,3.28138,3.20503,3.52985,3.00991,3.81714,4.10055,4.33866,4.34125,3.81236,3.89484,4.04906,3.4409,4.327,2.17113,2.37081,5
249,92_2842_9.csv,15.879,3.31764,7179,3.77443,3.88961,3.53891,4.03972,4.0229,3.41876,3.58373,3.75318,3.91995,4.06161,3.42994,3.55607,3.66575,3.78336,3.87598,5
250,93_3623_9.csv,13.6261,2.94126,4720,2.55355,3.26715,2.96419,1.22985,2.65241,2.22278,2.27593,2.30439,2.17099,2.70497,2.24213,2.11279,2.14108,2.16043,2.19297,5
